"","Survived","Pclass","Sex","Age","SibSp","Parch","Fare"
"Survived",1,-0.359652682086846,-0.538825593014635,-0.0772210945721776,-0.0173583604795342,0.0933170077422431,0.268188616874479
"Pclass",-0.359652682086846,1,0.15546030092743,-0.369226015315517,0.0672473746041044,0.0256830698150406,-0.554182470859845
"Sex",-0.538825593014635,0.15546030092743,1,0.0932535768556774,-0.103949677752534,-0.246972037475963,-0.18499425409272
"Age",-0.0772210945721776,-0.369226015315517,0.0932535768556774,1,-0.308246758923657,-0.189119262632035,0.0960666917690389
"SibSp",-0.0173583604795342,0.0672473746041044,-0.103949677752534,-0.308246758923657,1,0.383819864042834,0.138328794555449
"Parch",0.0933170077422431,0.0256830698150406,-0.246972037475963,-0.189119262632035,0.383819864042834,1,0.20511888430378
"Fare",0.268188616874479,-0.554182470859845,-0.18499425409272,0.0960666917690389,0.138328794555449,0.20511888430378,1
